{"Version":1,"ManifestType":"Publish","Endpoints":[{"Route":"client.hcx0qzm6e3.js","AssetFile":"client.js","Selectors":[],"ResponseHeaders":[{"Name":"Accept-Ranges","Value":"bytes"},{"Name":"Cache-Control","Value":"max-age=31536000, immutable"},{"Name":"Content-Length","Value":"749"},{"Name":"Content-Type","Value":"text/javascript"},{"Name":"ETag","Value":"\"L7FlUSGudrTD4eMDfWy6P1IxuyKwdv6gX/Vk3Dvx0o4=\""},{"Name":"Last-Modified","Value":"Tue, 17 Feb 2026 04:39:53 GMT"}],"EndpointProperties":[{"Name":"fingerprint","Value":"hcx0qzm6e3"},{"Name":"integrity","Value":"sha256-L7FlUSGudrTD4eMDfWy6P1IxuyKwdv6gX/Vk3Dvx0o4="},{"Name":"label","Value":"client.js"}]},{"Route":"client.js","AssetFile":"client.js","Selectors":[],"ResponseHeaders":[{"Name":"Accept-Ranges","Value":"bytes"},{"Name":"Cache-Control","Value":"no-cache"},{"Name":"Content-Length","Value":"749"},{"Name":"Content-Type","Value":"text/javascript"},{"Name":"ETag","Value":"\"L7FlUSGudrTD4eMDfWy6P1IxuyKwdv6gX/Vk3Dvx0o4=\""},{"Name":"Last-Modified","Value":"Tue, 17 Feb 2026 04:39:53 GMT"}],"EndpointProperties":[{"Name":"integrity","Value":"sha256-L7FlUSGudrTD4eMDfWy6P1IxuyKwdv6gX/Vk3Dvx0o4="}]},{"Route":"favicon.fyv58nlj2g.png","AssetFile":"favicon.png","Selectors":[],"ResponseHeaders":[{"Name":"Accept-Ranges","Value":"bytes"},{"Name":"Cache-Control","Value":"max-age=31536000, immutable"},{"Name":"Content-Length","Value":"1122"},{"Name":"Content-Type","Value":"image/png"},{"Name":"ETag","Value":"\"BwUTq9Z4SNEC/1s2QosGai8hVeMryqsEaj59sFmbjTo=\""},{"Name":"Last-Modified","Value":"Tue, 17 Feb 2026 04:40:53 GMT"}],"EndpointProperties":[{"Name":"fingerprint","Value":"fyv58nlj2g"},{"Name":"integrity","Value":"sha256-BwUTq9Z4SNEC/1s2QosGai8hVeMryqsEaj59sFmbjTo="},{"Name":"label","Value":"favicon.png"}]},{"Route":"favicon.png","AssetFile":"favicon.png","Selectors":[],"ResponseHeaders":[{"Name":"Accept-Ranges","Value":"bytes"},{"Name":"Cache-Control","Value":"no-cache"},{"Name":"Content-Length","Value":"1122"},{"Name":"Content-Type","Value":"image/png"},{"Name":"ETag","Value":"\"BwUTq9Z4SNEC/1s2QosGai8hVeMryqsEaj59sFmbjTo=\""},{"Name":"Last-Modified","Value":"Tue, 17 Feb 2026 04:40:53 GMT"}],"EndpointProperties":[{"Name":"integrity","Value":"sha256-BwUTq9Z4SNEC/1s2QosGai8hVeMryqsEaj59sFmbjTo="}]},{"Route":"index.g8674ag4le.html","AssetFile":"index.html","Selectors":[],"ResponseHeaders":[{"Name":"Accept-Ranges","Value":"bytes"},{"Name":"Cache-Control","Value":"max-age=31536000, immutable"},{"Name":"Content-Length","Value":"318"},{"Name":"Content-Type","Value":"text/html"},{"Name":"ETag","Value":"\"UAftXGIBqRBIxKp4/kN9gW1Lu8mMPLKRQWFNPVJZqP8=\""},{"Name":"Last-Modified","Value":"Tue, 17 Feb 2026 04:40:34 GMT"}],"EndpointProperties":[{"Name":"fingerprint","Value":"g8674ag4le"},{"Name":"integrity","Value":"sha256-UAftXGIBqRBIxKp4/kN9gW1Lu8mMPLKRQWFNPVJZqP8="},{"Name":"label","Value":"index.html"}]},{"Route":"index.html","AssetFile":"index.html","Selectors":[],"ResponseHeaders":[{"Name":"Accept-Ranges","Value":"bytes"},{"Name":"Cache-Control","Value":"no-cache"},{"Name":"Content-Length","Value":"318"},{"Name":"Content-Type","Value":"text/html"},{"Name":"ETag","Value":"\"UAftXGIBqRBIxKp4/kN9gW1Lu8mMPLKRQWFNPVJZqP8=\""},{"Name":"Last-Modified","Value":"Tue, 17 Feb 2026 04:40:34 GMT"}],"EndpointProperties":[{"Name":"integrity","Value":"sha256-UAftXGIBqRBIxKp4/kN9gW1Lu8mMPLKRQWFNPVJZqP8="}]}]}