{"Version":1,"ManifestType":"Publish","Endpoints":[{"Route":"client.js","AssetFile":"client.js","Selectors":[],"ResponseHeaders":[{"Name":"Accept-Ranges","Value":"bytes"},{"Name":"Cache-Control","Value":"no-cache"},{"Name":"Content-Length","Value":"682"},{"Name":"Content-Type","Value":"text/javascript"},{"Name":"ETag","Value":"\"ziJJoc48QM5mpnWnAWsopCQCZqt6+GLaA0HbSrTtq9E=\""},{"Name":"Last-Modified","Value":"Wed, 18 Feb 2026 04:49:58 GMT"}],"EndpointProperties":[{"Name":"integrity","Value":"sha256-ziJJoc48QM5mpnWnAWsopCQCZqt6+GLaA0HbSrTtq9E="}]},{"Route":"client.q97g2mg1ln.js","AssetFile":"client.js","Selectors":[],"ResponseHeaders":[{"Name":"Accept-Ranges","Value":"bytes"},{"Name":"Cache-Control","Value":"max-age=31536000, immutable"},{"Name":"Content-Length","Value":"682"},{"Name":"Content-Type","Value":"text/javascript"},{"Name":"ETag","Value":"\"ziJJoc48QM5mpnWnAWsopCQCZqt6+GLaA0HbSrTtq9E=\""},{"Name":"Last-Modified","Value":"Wed, 18 Feb 2026 04:49:58 GMT"}],"EndpointProperties":[{"Name":"fingerprint","Value":"q97g2mg1ln"},{"Name":"integrity","Value":"sha256-ziJJoc48QM5mpnWnAWsopCQCZqt6+GLaA0HbSrTtq9E="},{"Name":"label","Value":"client.js"}]},{"Route":"favicon.fyv58nlj2g.png","AssetFile":"favicon.png","Selectors":[],"ResponseHeaders":[{"Name":"Accept-Ranges","Value":"bytes"},{"Name":"Cache-Control","Value":"max-age=31536000, immutable"},{"Name":"Content-Length","Value":"1122"},{"Name":"Content-Type","Value":"image/png"},{"Name":"ETag","Value":"\"BwUTq9Z4SNEC/1s2QosGai8hVeMryqsEaj59sFmbjTo=\""},{"Name":"Last-Modified","Value":"Tue, 17 Feb 2026 04:40:53 GMT"}],"EndpointProperties":[{"Name":"fingerprint","Value":"fyv58nlj2g"},{"Name":"integrity","Value":"sha256-BwUTq9Z4SNEC/1s2QosGai8hVeMryqsEaj59sFmbjTo="},{"Name":"label","Value":"favicon.png"}]},{"Route":"favicon.png","AssetFile":"favicon.png","Selectors":[],"ResponseHeaders":[{"Name":"Accept-Ranges","Value":"bytes"},{"Name":"Cache-Control","Value":"no-cache"},{"Name":"Content-Length","Value":"1122"},{"Name":"Content-Type","Value":"image/png"},{"Name":"ETag","Value":"\"BwUTq9Z4SNEC/1s2QosGai8hVeMryqsEaj59sFmbjTo=\""},{"Name":"Last-Modified","Value":"Tue, 17 Feb 2026 04:40:53 GMT"}],"EndpointProperties":[{"Name":"integrity","Value":"sha256-BwUTq9Z4SNEC/1s2QosGai8hVeMryqsEaj59sFmbjTo="}]},{"Route":"index.html","AssetFile":"index.html","Selectors":[],"ResponseHeaders":[{"Name":"Accept-Ranges","Value":"bytes"},{"Name":"Cache-Control","Value":"no-cache"},{"Name":"Content-Length","Value":"307"},{"Name":"Content-Type","Value":"text/html"},{"Name":"ETag","Value":"\"j557YZx9f2aqq82mgzwfTh/kuGEwm5QpqTfqC3DsMYE=\""},{"Name":"Last-Modified","Value":"Wed, 18 Feb 2026 04:49:49 GMT"}],"EndpointProperties":[{"Name":"integrity","Value":"sha256-j557YZx9f2aqq82mgzwfTh/kuGEwm5QpqTfqC3DsMYE="}]},{"Route":"index.lr5p8wz3bf.html","AssetFile":"index.html","Selectors":[],"ResponseHeaders":[{"Name":"Accept-Ranges","Value":"bytes"},{"Name":"Cache-Control","Value":"max-age=31536000, immutable"},{"Name":"Content-Length","Value":"307"},{"Name":"Content-Type","Value":"text/html"},{"Name":"ETag","Value":"\"j557YZx9f2aqq82mgzwfTh/kuGEwm5QpqTfqC3DsMYE=\""},{"Name":"Last-Modified","Value":"Wed, 18 Feb 2026 04:49:49 GMT"}],"EndpointProperties":[{"Name":"fingerprint","Value":"lr5p8wz3bf"},{"Name":"integrity","Value":"sha256-j557YZx9f2aqq82mgzwfTh/kuGEwm5QpqTfqC3DsMYE="},{"Name":"label","Value":"index.html"}]}]}